Top pages,Clicks,Impressions,CTR,Position
https://myeyerx.net/,4003,82641,4.84%,9.99
https://myeyerx.net/michigan-window-tint-medical-exemption/,2048,93471,2.19%,15.81
https://myeyerx.net/minnesota-window-tint-medical-exemption/,1999,84208,2.37%,18.78
https://myeyerx.net/florida-window-tint-medical-exemption/,1928,126576,1.52%,19.17
https://myeyerx.net/ohio-window-tint-medical-exemption/,1912,111660,1.71%,24.85
https://myeyerx.net/texas-window-tint-medical-exemption/,1805,134617,1.34%,15.42
https://myeyerx.net/california-window-tint-medical-exemption/,1407,119240,1.18%,17.83
https://myeyerx.net/new-york-window-tint-medical-exemption/,1393,161692,0.86%,19.89
https://myeyerx.net/south-carolina-window-tint-medical-exemption/,1168,28582,4.09%,13.47
https://myeyerx.net/wisconsin-window-tint-medical-exemption/,1010,39261,2.57%,17.99
https://myeyerx.net/pennsylvania-window-tint-medical-exemption/,897,52952,1.69%,18.83
https://myeyerx.net/alabama-window-tint-medical-exemption/,853,45235,1.89%,17.06
https://myeyerx.net/indiana-window-tint-medical-exemption/,818,35704,2.29%,26.59
https://myeyerx.net/virginia-window-tint-medical-exemption/,808,60577,1.33%,22.21
https://myeyerx.net/west-virginia-window-tint-medical-exemption/,690,13462,5.13%,15.49
https://myeyerx.net/maryland-window-tint-medical-exemption/,673,61140,1.1%,23.46
https://myeyerx.net/illinois-window-tint-medical-exemption/,672,46002,1.46%,27.29
https://myeyerx.net/missouri-window-tint-medical-exemption/,654,35743,1.83%,17.7
https://myeyerx.net/delaware-window-tint-medical-exemption/,653,85158,0.77%,6.72
https://myeyerx.net/north-carolina-window-tint-medical-exemption/,636,53059,1.2%,16.67
https://myeyerx.net/washington-window-tint-medical-exemption/,614,30972,1.98%,26.21
https://myeyerx.net/new-jersey-window-tint-medical-exemption/,590,54166,1.09%,15.27
https://myeyerx.net/massachusetts-window-tint-medical-exemption/,562,58299,0.96%,20.96
https://myeyerx.net/arkansas-window-tint-medical-exemption/,553,18976,2.91%,18.89
https://myeyerx.net/georgia-window-tint-medical-exemption/,533,44707,1.19%,18.84
https://myeyerx.net/connecticut-window-tint-medical-exemption/,512,20283,2.52%,21.05
https://myeyerx.net/kansas-window-tint-medical-exemption/,498,14393,3.46%,22.67
https://myeyerx.net/utah-window-tint-medical-exemption/,495,22734,2.18%,33.85
https://myeyerx.net/tennessee-window-tint-medical-exemption/,463,29062,1.59%,20.7
https://myeyerx.net/louisiana-window-tint-medical-exemption/,420,25037,1.68%,26.08
https://myeyerx.net/mississippi-window-tint-medical-exemption/,416,21064,1.97%,15.92
https://myeyerx.net/colorado-window-tint-medical-exemption/,413,24893,1.66%,36.9
https://myeyerx.net/kentucky-window-tint-medical-exemption/,375,14298,2.62%,25.06
https://myeyerx.net/arizona-window-tint-medical-exemption/,371,31306,1.19%,32.74
https://myeyerx.net/can-you-get-a-window-tint-medical-exemption-for-astigmatism/,363,40697,0.89%,8.08
https://myeyerx.net/oregon-window-tint-medical-exemption/,360,14678,2.45%,21.25
https://myeyerx.net/maine-window-tint-medical-exemption/,348,10240,3.4%,12.33
https://myeyerx.net/iowa-window-tint-medical-exemption/,334,14312,2.33%,16.07
https://myeyerx.net/new-mexico-window-tint-medical-exemption/,324,7903,4.1%,14.62
https://myeyerx.net/product/minnesota-online-window-tint-medical-exemption-consultation/,322,7642,4.21%,9.48
https://myeyerx.net/product/michigan-online-window-tint-medical-exemption-consultation/,308,10313,2.99%,9.16
https://myeyerx.net/rhode-island-window-tint-medical-exemption/,266,13523,1.97%,16.44
https://myeyerx.net/idaho-window-tint-medical-exemption/,255,9361,2.72%,23.62
https://myeyerx.net/hawaii-window-tint-medical-exemption/,252,8406,3%,26.25
https://myeyerx.net/oklahoma-window-tint-medical-exemption/,251,14487,1.73%,26.35
https://myeyerx.net/product/texas-online-window-tint-medical-exemption-consultation/,249,5476,4.55%,8.05
https://myeyerx.net/new-hampshire-window-tint-medical-exemption/,243,17065,1.42%,19.43
https://myeyerx.net/qualifying-medical-conditions-for-tint-exemption-in-ny/,240,27331,0.88%,14.39
https://myeyerx.net/about/,234,11468,2.04%,12.9
https://myeyerx.net/online-medical-exemption-for-window-tint/,229,18771,1.22%,8.5
https://myeyerx.net/window-tint-laws-by-state/minnesota-legal-tint/,192,42717,0.45%,25.74
https://myeyerx.net/nevada-window-tint-medical-exemption/,179,13698,1.31%,32.33
https://myeyerx.net/window-tint-laws-by-state/texas-legal-tint/,173,72093,0.24%,24.34
https://myeyerx.net/window-tint-laws-by-state/michigan-legal-tint/,173,67440,0.26%,15.62
https://myeyerx.net/nebraska-window-tint-medical-exemption/,172,13919,1.24%,39.11
https://myeyerx.net/alaska-window-tint-medical-exemption/,172,5277,3.26%,22.26
https://myeyerx.net/product/new-york-online-window-tint-medical-exemption-consultation/,167,7166,2.33%,16.05
https://myeyerx.net/can-you-get-a-window-tint-medical-exemption-for-migraines/,166,11614,1.43%,7.65
https://myeyerx.net/north-dakota-window-tint-medical-exemption/,164,5622,2.92%,23.08
https://myeyerx.net/product/florida-online-window-tint-medical-exemption-consultation/,162,5903,2.74%,12.7
https://myeyerx.net/product/south-carolina-online-window-tint-medical-exemption-consultation/,149,3956,3.77%,8.68
https://myeyerx.net/product/virginia-online-window-tint-medical-exemption-consultation/,147,6939,2.12%,9.89
https://myeyerx.net/product/north-carolina-online-window-tint-medical-exemption-consultation/,142,6628,2.14%,9.82
https://myeyerx.net/product/west-virginia-online-window-tint-medical-exemption-consultation/,141,4037,3.49%,23.43
https://myeyerx.net/product/wisconsin-online-window-tint-medical-exemption-consultation/,129,5465,2.36%,15.38
https://myeyerx.net/window-tint-laws-by-state/new-york-legal-tint/,127,53000,0.24%,29.21
https://myeyerx.net/product/massachusetts-online-window-tint-medical-exemption-consultation/,121,4590,2.64%,12.6
https://myeyerx.net/product/california-online-window-tint-medical-exemption-consultation/,114,4018,2.84%,16.63
https://myeyerx.net/window-tint-laws-by-state/connecticut-legal-tint/,112,28711,0.39%,11.83
https://myeyerx.net/window-tint-laws-by-state/ohio-legal-tint/,108,61546,0.18%,24.77
https://myeyerx.net/window-tint-laws-by-state/arkansas-legal-tint/,107,36940,0.29%,10.93
https://myeyerx.net/product-category/online-window-tint-medical-exemption-consultation/,107,21516,0.5%,7.06
https://myeyerx.net/product/ohio-online-window-tint-medical-exemption-consultation/,107,7296,1.47%,14.15
https://myeyerx.net/south-dakota-window-tint-medical-exemption/,106,3727,2.84%,22.25
https://myeyerx.net/montana-window-tint-medical-exemption/,106,3556,2.98%,18.62
https://myeyerx.net/product/missouri-online-window-tint-medical-exemption-consultation/,105,4117,2.55%,16.49
https://myeyerx.net/window-tint-laws-by-state/pennsylvania-legal-tint/,104,31243,0.33%,26.98
https://myeyerx.net/window-tint-laws-by-state/massachusetts-legal-tint/,97,31447,0.31%,16.15
https://myeyerx.net/product/illinois-online-window-tint-medical-exemption-consultation/,97,5009,1.94%,12.26
https://myeyerx.net/window-tint-laws-by-state/,95,133418,0.07%,53.27
https://myeyerx.net/can-you-get-a-window-tint-medical-exemption-for-lasik-surgery/,94,2542,3.7%,8.27
https://myeyerx.net/vermont-window-tint-medical-exemption/,93,3167,2.94%,15.3
https://myeyerx.net/product/georgia-online-window-tint-medical-exemption-consultation/,91,6506,1.4%,9.96
https://myeyerx.net/window-tint-laws-by-state/utah-legal-tint/,89,20784,0.43%,22.61
https://myeyerx.net/faqs/,87,6554,1.33%,6.42
https://myeyerx.net/window-tint-laws-by-state/nebraska-legal-tint/,86,30823,0.28%,10.77
https://myeyerx.net/product/maryland-online-window-tint-medical-exemption-consultation/,85,4322,1.97%,16.18
https://myeyerx.net/window-tint-laws-by-state/iowa-legal-tint/,80,22776,0.35%,18.34
https://myeyerx.net/product/arkansas-online-window-tint-medical-exemption-consultation/,78,4918,1.59%,26.05
https://myeyerx.net/product/new-jersey-online-window-tint-medical-exemption-consultation/,76,3225,2.36%,14.35
https://myeyerx.net/product/mississippi-online-window-tint-medical-exemption-consultation/,69,3314,2.08%,24.61
https://myeyerx.net/product/alabama-online-window-tint-medical-exemption-consultation/,68,5842,1.16%,20.58
https://myeyerx.net/window-tint-laws-by-state/missouri-legal-tint/,64,14797,0.43%,16.27
https://myeyerx.net/wyoming-window-tint-medical-exemption/,62,3632,1.71%,19.31
https://myeyerx.net/window-tint-laws-by-state/wisconsin-legal-tint/,60,20150,0.3%,25.32
https://myeyerx.net/window-tint-laws-by-state/virginia-legal-tint/,59,27757,0.21%,27.28
https://myeyerx.net/product/arizona-online-window-tint-medical-exemption-consultation/,59,2625,2.25%,11.74
https://myeyerx.net/window-tint-laws-by-state/kansas-legal-tint/,58,10490,0.55%,14.8
https://myeyerx.net/window-tint-laws-by-state/delaware-legal-tint/,55,13256,0.41%,26.16
https://myeyerx.net/window-tint-laws-by-state/west-virginia-legal-tint/,54,10263,0.53%,38.06
https://myeyerx.net/product/rhode-island-online-window-tint-medical-exemption-consultation/,54,2694,2%,18.88
https://myeyerx.net/window-tint-laws-by-state/mississippi-legal-tint/,53,18267,0.29%,10.87
https://myeyerx.net/product/new-mexico-online-window-tint-medical-exemption-consultation/,53,2798,1.89%,36.34
https://myeyerx.net/window-tint-laws-by-state/kentucky-legal-tint/,50,16880,0.3%,28.52
https://myeyerx.net/product/washington-dc-online-window-tint-medical-exemption-consultation/,49,4679,1.05%,24.65
https://myeyerx.net/window-tint-laws-by-state/illinois-legal-tint/,48,25166,0.19%,35.39
https://myeyerx.net/window-tint-laws-by-state/montana-legal-tint/,47,11790,0.4%,11.67
https://myeyerx.net/window-tint-laws-by-state/south-dakota-legal-tint/,45,10286,0.44%,12.17
https://myeyerx.net/window-tint-laws-by-state/maine-legal-tint/,45,8968,0.5%,22
https://myeyerx.net/product/delaware-online-window-tint-medical-exemption-consultation/,44,2545,1.73%,30.33
https://myeyerx.net/window-tint-laws-by-state/alaska-legal-tint/,43,11637,0.37%,11.61
https://myeyerx.net/window-tint-laws-by-state/alabama-legal-tint/,42,28304,0.15%,16.78
https://myeyerx.net/window-tint-laws-by-state/indiana-legal-tint/,41,17129,0.24%,21.72
https://myeyerx.net/window-tint-laws-by-state/maryland-legal-tint/,39,22774,0.17%,24
https://myeyerx.net/product/oregon-online-window-tint-medical-exemption-consultation/,39,3262,1.2%,24.86
https://myeyerx.net/product/pennsylvania-online-window-tint-medical-exemption-consultation/,35,2645,1.32%,16.77
https://myeyerx.net/window-tint-laws-by-state/florida-legal-tint/,32,30521,0.1%,49.78
https://myeyerx.net/product/connecticut-online-window-tint-medical-exemption-consultation/,32,1470,2.18%,14.06
https://myeyerx.net/window-tint-laws-by-state/new-jersey-legal-tint/,31,34037,0.09%,42.64
https://myeyerx.net/window-tint-laws-by-state/vermont-legal-tint/,30,8412,0.36%,40.66
https://myeyerx.net/window-tint-laws-by-state/new-hampshire-legal-tint/,29,13442,0.22%,22.85
https://myeyerx.net/window-tint-laws-by-state/rhode-island-legal-tint/,29,10010,0.29%,13.31
https://myeyerx.net/window-tint-laws-by-state/tennessee-legal-tint/,28,15155,0.18%,24.65
https://myeyerx.net/window-tint-laws-by-state/washington-legal-tint/,27,12823,0.21%,21.38
https://myeyerx.net/window-tint-laws-by-state/georgia-legal-tint/,26,15787,0.16%,27.46
https://myeyerx.net/product/idaho-online-window-tint-medical-exemption-consultation/,26,2070,1.26%,28.15
https://myeyerx.net/window-tint-laws-by-state/california-legal-tint/,23,32040,0.07%,46.98
https://myeyerx.net/window-tint-laws-by-state/north-carolina-legal-tint/,23,18910,0.12%,28.85
https://myeyerx.net/can-you-get-a-window-tint-medical-exemption-for-vitiligo/,23,1059,2.17%,8.18
https://myeyerx.net/refund-policy/,22,2005,1.1%,7.83
https://myeyerx.net/product/maine-online-window-tint-medical-exemption-consultation/,20,1364,1.47%,33.01
https://myeyerx.net/window-tint-laws-by-state/louisiana-legal-tint/,19,11812,0.16%,23.54
https://myeyerx.net/product/new-hampshire-online-window-tint-medical-exemption-consultation-copy/,19,1128,1.68%,27.91
https://myeyerx.net/product/tennessee-online-window-tint-medical-exemption-consultation/,19,647,2.94%,11.32
https://myeyerx.net/window-tint-laws-by-state/nevada-legal-tint/,18,15170,0.12%,33.6
https://myeyerx.net/product/oklahoma-online-window-tint-medical-exemption-consultation/,18,1619,1.11%,20.95
https://myeyerx.net/product/kansas-online-window-tint-medical-exemption-consultation/,18,1601,1.12%,19.47
https://myeyerx.net/product/montana-online-window-tint-medical-exemption-consultation/,18,1100,1.64%,28.88
https://myeyerx.net/window-tint-laws-by-state/south-carolina-legal-tint/,17,8226,0.21%,22.01
https://myeyerx.net/window-tint-laws-by-state/oregon-legal-tint/,16,8883,0.18%,16.05
https://myeyerx.net/window-tint-laws-by-state/idaho-legal-tint/,15,5724,0.26%,12.6
https://myeyerx.net/understanding-texas-law-on-window-tint-medical-exemptions/,15,4445,0.34%,32.67
https://myeyerx.net/window-tint-laws-by-state/hawaii-legal-tint/,12,8937,0.13%,24.46
https://myeyerx.net/product/nevada-online-window-tint-medical-exemption-consultation/,12,462,2.6%,13.84
https://myeyerx.net/window-tint-laws-by-state/new-mexico-legal-tint/,11,6309,0.17%,23.49
https://myeyerx.net/window-tint-laws-by-state/arizona-legal-tint/,9,22356,0.04%,50.02
https://myeyerx.net/window-tint-laws-by-state/colorado-legal-tint/,9,13951,0.06%,41.69
https://myeyerx.net/window-tint-laws-by-state/north-dakota-legal-tint/,9,4470,0.2%,13.04
https://myeyerx.net/window-tint-laws-by-state/wyoming-legal-tint/,8,6968,0.11%,11.86
https://myeyerx.net/can-you-get-a-window-tint-medical-exemption-for-photophobia/,8,1419,0.56%,14.28
https://myeyerx.net/product/wyoming-online-window-tint-medical-exemption-consultation/,7,1086,0.64%,39.73
https://myeyerx.net/product/washington-online-window-tint-medical-exemption-consultation/,7,583,1.2%,17.45
https://myeyerx.net/contact/,7,405,1.73%,10.97
https://myeyerx.net/window-tint-laws-by-state/oklahoma-legal-tint/,6,5722,0.1%,23.38
https://myeyerx.net/product-tag/louisiana/,6,554,1.08%,22.66
https://myeyerx.net/product/vermont-online-window-tint-medical-exemption-consultation/,4,290,1.38%,42.09
https://myeyerx.net/product-category/online-window-tint-medical-exemption-consultation/page/2/,4,100,4%,10.18
https://myeyerx.net/product-tag/rhode-island/,4,81,4.94%,15.52
https://myeyerx.net/product/louisiana-online-window-tint-medical-exemption-consultation/,3,196,1.53%,30.72
https://myeyerx.net/can-you-get-a-window-tint-medical-exemption-for-polymorphous-light-eruption/,3,165,1.82%,6.81
https://myeyerx.net/in-school-exams/,2,976,0.2%,7.47
https://myeyerx.net/product-tag/florida/,1,366,0.27%,9.63
https://myeyerx.net/privacy-policy/,1,280,0.36%,8.97
https://myeyerx.net/product-tag/massachusetts/,1,199,0.5%,7.38
https://myeyerx.net/can-you-get-a-window-tint-medical-exemption-for-erythropoietic-protoporphyria/,1,98,1.02%,11.05
https://myeyerx.net/product-category/online-window-tint-medical-exemption-consultation/page/4/,1,34,2.94%,22.97
https://myeyerx.net/can-you-get-a-window-tint-medical-exemption-for-hidradenitis-suppurativa/,1,16,6.25%,6.75
https://myeyerx.net/product/pennsylvania-online-window-tint-medical-exemption-consultation/?gQT=1,1,3,33.33%,5.67
https://myeyerx.net/product/texas-online-window-tint-medical-exemption-consultation/?gQT=1,1,2,50%,6.5
https://myeyerx.net/product/arkansas-online-window-tint-medical-exemption-consultation/?gQT=1,1,1,100%,1
https://myeyerx.net/product/rhode-island-online-window-tint-medical-exemption-consultation/?gQT=1,1,1,100%,9
https://myeyerx.net/about,0,3514,0%,6.87
https://myeyerx.net/refund-policy,0,1823,0%,6.93
https://myeyerx.net/faq,0,1787,0%,7.14
https://myeyerx.net/window-tint-laws-by-state/alabama-legal-tint,0,1497,0%,11.16
https://myeyerx.net/can-exposure-to-bright-light-damage-the-eye/,0,619,0%,54.02
https://myeyerx.net/window-tint-laws-by-state,0,426,0%,10.74
https://myeyerx.net/can-you-get-a-window-tint-medical-exemption-for-photophobia-2/,0,199,0%,9.34
https://myeyerx.net/uncategorized/,0,99,0%,4.63
https://myeyerx.net/can-you-get-a-window-tint-medical-exemption-for-photoallergic-eruption/,0,92,0%,11.18
https://myeyerx.net/can-you-get-a-window-tint-medical-exemption-for-hydroa-vacciniforme/,0,72,0%,17.15
https://myeyerx.net/contact,0,66,0%,15.2
https://myeyerx.net/product-tag/georgia/,0,64,0%,7.72
https://myeyerx.net/uncategorized/page/2/,0,53,0%,8.57
https://myeyerx.net/can-you-get-a-window-tint-medical-exemption-for-darier-disease/,0,40,0%,12.5
https://myeyerx.net/can-you-get-a-window-tint-medical-exemption-for-aicardi-goutieres-syndrome/,0,31,0%,20.61
https://myeyerx.net/product/iowa-online-window-tint-medical-exemption-consultation/,0,27,0%,14.07
https://myeyerx.net/can-you-get-a-window-tint-medical-exemption-for-zeroderma/,0,25,0%,12.96
https://myeyerx.net/product-tag/alabama/,0,18,0%,9.61
https://myeyerx.net/product-tag/new-york/,0,17,0%,5.71
https://myeyerx.net/can-you-get-a-window-tint-medical-exemption-for-contacts/,0,15,0%,7.67
https://myeyerx.net/product-tag/california/,0,14,0%,6.5
https://myeyerx.net/can-you-get-a-window-tint-medical-exemption-for-mycosis-fungoides/,0,13,0%,26.08
https://myeyerx.net/product-tag/washington/,0,12,0%,9.33
https://myeyerx.net/product-tag/north-carolina/,0,11,0%,9.09
https://myeyerx.net/product-tag/ohio/,0,10,0%,7.1
https://myeyerx.net/product/indiana-online-window-tint-medical-exemption-consultation/,0,10,0%,8.9
https://myeyerx.net/product-tag/indiana/,0,9,0%,8.11
https://myeyerx.net/can-you-get-a-window-tint-medical-exemption-for-ocular-albinism/,0,9,0%,10.11
https://www.myeyerx.net/,0,6,0%,2
https://myeyerx.net/product-tag/oklahoma/,0,6,0%,5.83
https://myeyerx.net/product-category/online-window-tint-medical-exemption-consultation/page/3/,0,6,0%,6.33
https://www.myeyerx.net/reviews,0,5,0%,2.2
https://myeyerx.net/product-category/online-window-tint-medical-exemption-consultation/page/3/?add-to-cart=3301,0,5,0%,9
https://myeyerx.net/product-tag/new-jersey/,0,4,0%,4
https://myeyerx.net/product-tag/delaware/,0,4,0%,5.5
https://myeyerx.net/can-you-get-a-window-tint-medical-exemption-for-chronic-graft-versus-host-disease/,0,3,0%,1
https://myeyerx.net/product-category/online-window-tint-medical-exemption-consultation/page/2/?add-to-cart=5195,0,3,0%,9.33
https://myeyerx.net/can-you-get-a-window-tint-medical-exemption-for-netherton-syndrome/,0,3,0%,22.67
https://myeyerx.net/product/california-online-window-tint-medical-exemption-consultation/?gQT=1,0,2,0%,2
https://myeyerx.net/product/new-york-online-window-tint-medical-exemption-consultation/?gQT=1,0,2,0%,4
https://myeyerx.net/product/michigan-online-window-tint-medical-exemption-consultation/?gQT=1,0,2,0%,5.5
https://myeyerx.net/product-category/online-window-tint-medical-exemption-consultation/page/3/?add-to-cart=3291,0,2,0%,8.5
https://myeyerx.net/can-you-get-a-window-tint-medical-exemption-for-angioedema/,0,2,0%,10.5
https://myeyerx.net/can-you-get-a-window-tint-medical-exemption-for-smith-lemli-opitz-syndrome/,0,2,0%,31
https://myeyerx.net/product/washington-online-window-tint-medical-exemption-consultation/?gQT=1,0,1,0%,1
https://myeyerx.net/online-medical-exemption-for-window-tint,0,1,0%,3
https://myeyerx.net/product-tag/maryland/,0,1,0%,3
https://myeyerx.net/product-tag/tennessee/,0,1,0%,3
https://myeyerx.net/product/wisconsin-online-window-tint-medical-exemption-consultation/?gQT=1,0,1,0%,3
https://myeyerx.net/can-you-get-a-window-tint-medical-exemption-for-nevus-anemicus/,0,1,0%,5
https://myeyerx.net/product/north-carolina-online-window-tint-medical-exemption-consultation/?gQT=1,0,1,0%,5
https://myeyerx.net/wp-content/uploads/2024/03/South-Carolina-Tinting-Laws-YT-Thumbnail-min.webp,0,1,0%,8
https://myeyerx.net/product/idaho-online-window-tint-medical-exemption-consultation/?gQT=1,0,1,0%,10
https://myeyerx.net/wp-content/uploads/2024/03/kentucky-Tinting-Laws-YT-Thumbnail-min.webp,0,1,0%,10
https://myeyerx.net/product/iowa-online-window-tint-medical-exemption-consultation/?add-to-cart=3292,0,1,0%,11
https://myeyerx.net/can-you-get-a-window-tint-medical-exemption-for-argyria/,0,1,0%,12
https://myeyerx.net/product/south-carolina-online-window-tint-medical-exemption-consultation/?gQT=1,0,1,0%,12
https://myeyerx.net/wp-content/uploads/2024/02/How-to-get-medical-exemption-for-window-tint-in-north-carolina.png,0,1,0%,15
https://myeyerx.net/wp-content/uploads/2024/03/Wisconsin-Tinting-Laws-YT-Thumbnail-min.webp,0,1,0%,15
https://myeyerx.net/wp-content/uploads/2024/02/north-carolina.png,0,1,0%,16
https://myeyerx.net/wp-content/uploads/2024/03/North-Carolina-Tinting-Laws-YT-Thumbnail-min.webp,0,1,0%,20
https://myeyerx.net/wp-content/uploads/2024/02/How-to-get-medical-exemption-for-window-tint-in-New-York.png,0,1,0%,30
https://myeyerx.net/wp-content/uploads/2024/03/Tennessee-Tinting-Laws-YT-Thumbnail-min.webp,0,1,0%,56